{
	"BUILD_DIR" : "/home/julio/CLionProjects/Window/cmake-build-debug/untitled1_autogen",
	"CMAKE_BINARY_DIR" : "/home/julio/CLionProjects/Window/cmake-build-debug",
	"CMAKE_CURRENT_BINARY_DIR" : "/home/julio/CLionProjects/Window/cmake-build-debug",
	"CMAKE_CURRENT_SOURCE_DIR" : "/home/julio/CLionProjects/Window",
	"CMAKE_EXECUTABLE" : "/home/julio/Downloads/CLion-2021.1.1/clion-2021.1.1/bin/cmake/linux/bin/cmake",
	"CMAKE_LIST_FILES" : 
	[
		"/home/julio/CLionProjects/Window/CMakeLists.txt",
		"/home/julio/CLionProjects/Window/cmake-build-debug/CMakeFiles/3.19.2/CMakeSystem.cmake",
		"/home/julio/Downloads/CLion-2021.1.1/clion-2021.1.1/bin/cmake/linux/share/cmake-3.19/Modules/CMakeSystemSpecificInitialize.cmake",
		"/home/julio/CLionProjects/Window/cmake-build-debug/CMakeFiles/3.19.2/CMakeCCompiler.cmake",
		"/home/julio/CLionProjects/Window/cmake-build-debug/CMakeFiles/3.19.2/CMakeCXXCompiler.cmake",
		"/home/julio/Downloads/CLion-2021.1.1/clion-2021.1.1/bin/cmake/linux/share/cmake-3.19/Modules/CMakeSystemSpecificInformation.cmake",
		"/home/julio/Downloads/CLion-2021.1.1/clion-2021.1.1/bin/cmake/linux/share/cmake-3.19/Modules/CMakeGenericSystem.cmake",
		"/home/julio/Downloads/CLion-2021.1.1/clion-2021.1.1/bin/cmake/linux/share/cmake-3.19/Modules/CMakeInitializeConfigs.cmake",
		"/home/julio/Downloads/CLion-2021.1.1/clion-2021.1.1/bin/cmake/linux/share/cmake-3.19/Modules/Platform/Linux.cmake",
		"/home/julio/Downloads/CLion-2021.1.1/clion-2021.1.1/bin/cmake/linux/share/cmake-3.19/Modules/Platform/UnixPaths.cmake",
		"/home/julio/Downloads/CLion-2021.1.1/clion-2021.1.1/bin/cmake/linux/share/cmake-3.19/Modules/CMakeFindCodeBlocks.cmake",
		"/home/julio/Downloads/CLion-2021.1.1/clion-2021.1.1/bin/cmake/linux/share/cmake-3.19/Modules/CMakeExtraGeneratorDetermineCompilerMacrosAndIncludeDirs.cmake",
		"/home/julio/Downloads/CLion-2021.1.1/clion-2021.1.1/bin/cmake/linux/share/cmake-3.19/Modules/ProcessorCount.cmake",
		"/home/julio/Downloads/CLion-2021.1.1/clion-2021.1.1/bin/cmake/linux/share/cmake-3.19/Modules/CMakeCInformation.cmake",
		"/home/julio/Downloads/CLion-2021.1.1/clion-2021.1.1/bin/cmake/linux/share/cmake-3.19/Modules/CMakeLanguageInformation.cmake",
		"/home/julio/Downloads/CLion-2021.1.1/clion-2021.1.1/bin/cmake/linux/share/cmake-3.19/Modules/Compiler/GNU-C.cmake",
		"/home/julio/Downloads/CLion-2021.1.1/clion-2021.1.1/bin/cmake/linux/share/cmake-3.19/Modules/Compiler/GNU.cmake",
		"/home/julio/Downloads/CLion-2021.1.1/clion-2021.1.1/bin/cmake/linux/share/cmake-3.19/Modules/Compiler/CMakeCommonCompilerMacros.cmake",
		"/home/julio/Downloads/CLion-2021.1.1/clion-2021.1.1/bin/cmake/linux/share/cmake-3.19/Modules/Platform/Linux-GNU-C.cmake",
		"/home/julio/Downloads/CLion-2021.1.1/clion-2021.1.1/bin/cmake/linux/share/cmake-3.19/Modules/Platform/Linux-GNU.cmake",
		"/home/julio/Downloads/CLion-2021.1.1/clion-2021.1.1/bin/cmake/linux/share/cmake-3.19/Modules/CMakeCommonLanguageInclude.cmake",
		"/home/julio/Downloads/CLion-2021.1.1/clion-2021.1.1/bin/cmake/linux/share/cmake-3.19/Modules/CMakeCXXInformation.cmake",
		"/home/julio/Downloads/CLion-2021.1.1/clion-2021.1.1/bin/cmake/linux/share/cmake-3.19/Modules/CMakeLanguageInformation.cmake",
		"/home/julio/Downloads/CLion-2021.1.1/clion-2021.1.1/bin/cmake/linux/share/cmake-3.19/Modules/Compiler/GNU-CXX.cmake",
		"/home/julio/Downloads/CLion-2021.1.1/clion-2021.1.1/bin/cmake/linux/share/cmake-3.19/Modules/Compiler/GNU.cmake",
		"/home/julio/Downloads/CLion-2021.1.1/clion-2021.1.1/bin/cmake/linux/share/cmake-3.19/Modules/Platform/Linux-GNU-CXX.cmake",
		"/home/julio/Downloads/CLion-2021.1.1/clion-2021.1.1/bin/cmake/linux/share/cmake-3.19/Modules/Platform/Linux-GNU.cmake",
		"/home/julio/Downloads/CLion-2021.1.1/clion-2021.1.1/bin/cmake/linux/share/cmake-3.19/Modules/CMakeCommonLanguageInclude.cmake",
		"/usr/lib/x86_64-linux-gnu/cmake/Qt5/Qt5ConfigVersion.cmake",
		"/usr/lib/x86_64-linux-gnu/cmake/Qt5/Qt5Config.cmake",
		"/usr/lib/x86_64-linux-gnu/cmake/Qt5/Qt5ModuleLocation.cmake",
		"/usr/lib/x86_64-linux-gnu/cmake/Qt5Core/Qt5CoreConfigVersion.cmake",
		"/usr/lib/x86_64-linux-gnu/cmake/Qt5Core/Qt5CoreConfig.cmake",
		"/usr/lib/x86_64-linux-gnu/cmake/Qt5Core/Qt5CoreConfigExtras.cmake",
		"/usr/lib/x86_64-linux-gnu/cmake/Qt5Core/Qt5CoreConfigExtrasMkspecDir.cmake",
		"/usr/lib/x86_64-linux-gnu/cmake/Qt5Core/Qt5CoreMacros.cmake",
		"/home/julio/Downloads/CLion-2021.1.1/clion-2021.1.1/bin/cmake/linux/share/cmake-3.19/Modules/CMakeParseArguments.cmake",
		"/usr/lib/x86_64-linux-gnu/cmake/Qt5Gui/Qt5GuiConfigVersion.cmake",
		"/usr/lib/x86_64-linux-gnu/cmake/Qt5Gui/Qt5GuiConfig.cmake",
		"/usr/lib/x86_64-linux-gnu/cmake/Qt5Gui/Qt5Gui_QComposePlatformInputContextPlugin.cmake",
		"/usr/lib/x86_64-linux-gnu/cmake/Qt5Gui/Qt5Gui_QEglFSEmulatorIntegrationPlugin.cmake",
		"/usr/lib/x86_64-linux-gnu/cmake/Qt5Gui/Qt5Gui_QEglFSIntegrationPlugin.cmake",
		"/usr/lib/x86_64-linux-gnu/cmake/Qt5Gui/Qt5Gui_QEglFSKmsEglDeviceIntegrationPlugin.cmake",
		"/usr/lib/x86_64-linux-gnu/cmake/Qt5Gui/Qt5Gui_QEglFSKmsGbmIntegrationPlugin.cmake",
		"/usr/lib/x86_64-linux-gnu/cmake/Qt5Gui/Qt5Gui_QEglFSX11IntegrationPlugin.cmake",
		"/usr/lib/x86_64-linux-gnu/cmake/Qt5Gui/Qt5Gui_QEvdevKeyboardPlugin.cmake",
		"/usr/lib/x86_64-linux-gnu/cmake/Qt5Gui/Qt5Gui_QEvdevMousePlugin.cmake",
		"/usr/lib/x86_64-linux-gnu/cmake/Qt5Gui/Qt5Gui_QEvdevTabletPlugin.cmake",
		"/usr/lib/x86_64-linux-gnu/cmake/Qt5Gui/Qt5Gui_QEvdevTouchScreenPlugin.cmake",
		"/usr/lib/x86_64-linux-gnu/cmake/Qt5Gui/Qt5Gui_QGifPlugin.cmake",
		"/usr/lib/x86_64-linux-gnu/cmake/Qt5Gui/Qt5Gui_QICOPlugin.cmake",
		"/usr/lib/x86_64-linux-gnu/cmake/Qt5Gui/Qt5Gui_QIbusPlatformInputContextPlugin.cmake",
		"/usr/lib/x86_64-linux-gnu/cmake/Qt5Gui/Qt5Gui_QJpegPlugin.cmake",
		"/usr/lib/x86_64-linux-gnu/cmake/Qt5Gui/Qt5Gui_QLibInputPlugin.cmake",
		"/usr/lib/x86_64-linux-gnu/cmake/Qt5Gui/Qt5Gui_QLinuxFbIntegrationPlugin.cmake",
		"/usr/lib/x86_64-linux-gnu/cmake/Qt5Gui/Qt5Gui_QMinimalEglIntegrationPlugin.cmake",
		"/usr/lib/x86_64-linux-gnu/cmake/Qt5Gui/Qt5Gui_QMinimalIntegrationPlugin.cmake",
		"/usr/lib/x86_64-linux-gnu/cmake/Qt5Gui/Qt5Gui_QOffscreenIntegrationPlugin.cmake",
		"/usr/lib/x86_64-linux-gnu/cmake/Qt5Gui/Qt5Gui_QTuioTouchPlugin.cmake",
		"/usr/lib/x86_64-linux-gnu/cmake/Qt5Gui/Qt5Gui_QVncIntegrationPlugin.cmake",
		"/usr/lib/x86_64-linux-gnu/cmake/Qt5Gui/Qt5Gui_QXcbEglIntegrationPlugin.cmake",
		"/usr/lib/x86_64-linux-gnu/cmake/Qt5Gui/Qt5Gui_QXcbGlxIntegrationPlugin.cmake",
		"/usr/lib/x86_64-linux-gnu/cmake/Qt5Gui/Qt5Gui_QXcbIntegrationPlugin.cmake",
		"/usr/lib/x86_64-linux-gnu/cmake/Qt5Gui/Qt5GuiConfigExtras.cmake",
		"/usr/lib/x86_64-linux-gnu/cmake/Qt5Widgets/Qt5WidgetsConfigVersion.cmake",
		"/usr/lib/x86_64-linux-gnu/cmake/Qt5Widgets/Qt5WidgetsConfig.cmake",
		"/usr/lib/x86_64-linux-gnu/cmake/Qt5Widgets/Qt5WidgetsConfigExtras.cmake",
		"/usr/lib/x86_64-linux-gnu/cmake/Qt5Widgets/Qt5WidgetsMacros.cmake",
		"/home/julio/Downloads/CLion-2021.1.1/clion-2021.1.1/bin/cmake/linux/share/cmake-3.19/Modules/CMakeParseArguments.cmake"
	],
	"CMAKE_SOURCE_DIR" : "/home/julio/CLionProjects/Window",
	"DEP_FILE" : "",
	"DEP_FILE_RULE_NAME" : "",
	"HEADERS" : [],
	"HEADER_EXTENSIONS" : [ "h", "hh", "h++", "hm", "hpp", "hxx", "in", "txx" ],
	"INCLUDE_DIR" : "/home/julio/CLionProjects/Window/cmake-build-debug/untitled1_autogen/include",
	"MOC_COMPILATION_FILE" : "/home/julio/CLionProjects/Window/cmake-build-debug/untitled1_autogen/mocs_compilation.cpp",
	"MOC_DEFINITIONS" : [ "QT_CORE_LIB", "QT_GUI_LIB", "QT_WIDGETS_LIB" ],
	"MOC_DEPEND_FILTERS" : 
	[
		[
			"Q_PLUGIN_METADATA",
			"[\n][ \t]*Q_PLUGIN_METADATA[ \t]*\\([^\\)]*FILE[ \t]*\"([^\"]+)\""
		]
	],
	"MOC_INCLUDES" : 
	[
		"/usr/include/x86_64-linux-gnu/qt5",
		"/usr/include/x86_64-linux-gnu/qt5/QtCore",
		"/usr/lib/x86_64-linux-gnu/qt5/mkspecs/linux-g++",
		"/usr/include/x86_64-linux-gnu/qt5/QtGui",
		"/usr/include/x86_64-linux-gnu/qt5/QtWidgets",
		"/usr/include/c++/9",
		"/usr/include/x86_64-linux-gnu/c++/9",
		"/usr/include/c++/9/backward",
		"/usr/lib/gcc/x86_64-linux-gnu/9/include",
		"/usr/local/include",
		"/usr/include/x86_64-linux-gnu",
		"/usr/include"
	],
	"MOC_MACRO_NAMES" : [ "Q_OBJECT", "Q_GADGET", "Q_NAMESPACE", "Q_NAMESPACE_EXPORT" ],
	"MOC_OPTIONS" : [],
	"MOC_PATH_PREFIX" : false,
	"MOC_PREDEFS_CMD" : 
	[
		"/usr/bin/c++",
		"-dM",
		"-E",
		"-c",
		"/home/julio/Downloads/CLion-2021.1.1/clion-2021.1.1/bin/cmake/linux/share/cmake-3.19/Modules/CMakeCXXCompilerABI.cpp"
	],
	"MOC_PREDEFS_FILE" : "/home/julio/CLionProjects/Window/cmake-build-debug/untitled1_autogen/moc_predefs.h",
	"MOC_RELAXED_MODE" : false,
	"MOC_SKIP" : [],
	"MULTI_CONFIG" : false,
	"PARALLEL" : 2,
	"PARSE_CACHE_FILE" : "/home/julio/CLionProjects/Window/cmake-build-debug/CMakeFiles/untitled1_autogen.dir/ParseCache.txt",
	"QT_MOC_EXECUTABLE" : "/usr/lib/qt5/bin/moc",
	"QT_UIC_EXECUTABLE" : "/usr/lib/qt5/bin/uic",
	"QT_VERSION_MAJOR" : 5,
	"QT_VERSION_MINOR" : 12,
	"SETTINGS_FILE" : "/home/julio/CLionProjects/Window/cmake-build-debug/CMakeFiles/untitled1_autogen.dir/AutogenUsed.txt",
	"SOURCES" : [],
	"UIC_OPTIONS" : [],
	"UIC_SEARCH_PATHS" : [],
	"UIC_SKIP" : [],
	"UIC_UI_FILES" : [],
	"VERBOSITY" : 0
}
